id,revenue
3001,2500226
3002,2875301
3003,3345489
3004,22818874
3005,6950996
3006,4484670
3007,1503877
3008,26957982
3009,33023544
3010,91753993
3011,1076524
3012,1154905
3013,29423688
3014,2287370
3015,65118740
3016,712465
3017,95877569
3018,70037610
3019,2791201
3020,288521517
3021,43794627
3022,50502345
3023,385318
3024,32279410
3025,1615017
3026,54631242
3027,20692831
3028,72761608
3029,1234544
3030,45681229
3031,23452801
3032,11125486
3033,311019
3034,401576
3035,2138230
3036,26632652
3037,40186509
3038,48237131
3039,15738152
3040,1129115
3041,20356562
3042,687484
3043,13363201
3044,10069650
3045,231985121
3046,762824
3047,10576848
3048,32410594
3049,3308884
3050,35129878
3051,401417
3052,25084646
3053,195481
3054,893892
3055,47767895
3056,206700
3057,53848951
3058,185919980
3059,375203
3060,96359322
3061,78908950
3062,19640546
3063,43444945
3064,61655819
3065,28847879
3066,48321972
3067,2726128
3068,36350169
3069,136548079
3070,882637
3071,22615924
3072,367891147
3073,1319004
3074,3317
3075,41254830
3076,159002242
3077,29612887
3078,47467607
3079,37134774
3080,43784915
3081,27786543
3082,2699853
3083,18428860
3084,1413250
3085,38681895
3086,46277416
3087,706957
3088,1292529
3089,828231
3090,30315986
3091,27413865
3092,2873343
3093,87225280
3094,55536536
3095,40108888
3096,2717061
3097,391884211
3098,21941769
3099,42741730
3100,4419508
3101,4217719
3102,11074309
3103,252380
3104,141043
3105,89738470
3106,43677901
3107,33873503
3108,21084785
3109,2888441
3110,223615153
3111,13971357
3112,1115333
3113,20391584
3114,27640500
3115,60427317
3116,14027456
3117,756555
3118,3029880
3119,98773477
3120,91189721
3121,623212
3122,18979436
3123,22991375
3124,3035728
3125,154406
3126,32001579
3127,2402124
3128,34082796
3129,87380861
3130,14503269
3131,2555161
3132,6203987
3133,958501
3134,4457729
3135,686634
3136,11143074
3137,90675225
3138,1448384
3139,38181872
3140,116256021
3141,14535002
3142,338670
3143,78819055
3144,22826217
3145,4183449
3146,6565688
3147,28446916
3148,3795020
3149,67661058
3150,42364975
3151,12921549
3152,25055321
3153,4757703
3154,20086595
3155,33624149
3156,16368888
3157,25011336
3158,89972366
3159,9522264
3160,12599189
3161,620809
3162,5289488
3163,36148116
3164,5664232
3165,1125011
3166,139630
3167,81826508
3168,38855
3169,7828731
3170,21381408
3171,7270429
3172,41827776
3173,1391239
3174,1355377
3175,2292916
3176,31078621
3177,39555211
3178,10307301
3179,11153290
3180,3587154
3181,4575030
3182,112512270
3183,23690244
3184,22567807
3185,37850870
3186,65912829
3187,3175479
3188,26800274
3189,53036836
3190,26794403
3191,28583936
3192,1984536
3193,155452449
3194,41025571
3195,118186
3196,2891677
3197,11120887
3198,60883372
3199,76463498
3200,15759276
3201,6143009
3202,6563342
3203,111866
3204,1755077
3205,1170578
3206,25655158
3207,46272881
3208,26215178
3209,5316600
3210,258544361
3211,370045
3212,60442181
3213,62573306
3214,16874922
3215,5107734
3216,17348380
3217,219944645
3218,1607900
3219,7976733
3220,110050328
3221,18758966
3222,1817825
3223,4295595
3224,734731
3225,9606845
3226,16972657
3227,104402101
3228,124113133
3229,65805914
3230,31557866
3231,31048486
3232,55285901
3233,10180269
3234,9675270
3235,6022981
3236,4705752
3237,32560985
3238,17380694
3239,878720
3240,204627583
3241,1276790
3242,1621506
3243,1976495
3244,0
3245,17415315
3246,57756131
3247,33930329
3248,42212461
3249,28709738
3250,172120991
3251,664944
3252,26276520
3253,43277430
3254,284174
3255,232639
3256,42792219
3257,24375003
3258,14966164
3259,39408664
3260,10960968
3261,260536323
3262,47067632
3263,447807
3264,130725
3265,25609
3266,295319
3267,34656211
3268,140876
3269,38830140
3270,39762678
3271,2528873
3272,23155632
3273,20330812
3274,180720894
3275,34816411
3276,603319
3277,7808622
3278,59843753
3279,7322993
3280,75684102
3281,143158
3282,4045851
3283,222532536
3284,52735858
3285,39798314
3286,1056185
3287,2789586
3288,19427636
3289,48570199
3290,100984319
3291,46760901
3292,100425230
3293,50623100
3294,13492591
3295,16555283
3296,1177895
3297,14924582
3298,53058198
3299,9285707
3300,33172733
3301,105574
3302,3996700
3303,2770003
3304,16546995
3305,31092444
3306,3436487
3307,57587168
3308,29667432
3309,1913181
3310,11974272
3311,2124113
3312,4061319
3313,42689836
3314,3017022
3315,118853409
3316,27181201
3317,2363922
3318,936538
3319,1231943
3320,21704893
3321,3805801
3322,1744745
3323,62947610
3324,6043302
3325,55541999
3326,57035446
3327,39324700
3328,18917316
3329,17938969
3330,52068174
3331,2360917
3332,34871748
3333,111025911
3334,5713567
3335,63710255
3336,20943443
3337,113199
3338,16517174
3339,1463175
3340,77195420
3341,15217012
3342,78231012
3343,49660925
3344,762978
3345,3120293
3346,28396199
3347,476553
3348,15827589
3349,58564914
3350,169755555
3351,47263906
3352,20137136
3353,48944062
3354,17511341
3355,249420
3356,18262952
3357,528587
3358,14735261
3359,63466141
3360,2914232
3361,66159352
3362,14176759
3363,15650292
3364,24897947
3365,3274964
3366,44046500
3367,60314823
3368,49415
3369,37830402
3370,50498225
3371,39093729
3372,58202074
3373,58888297
3374,44120739
3375,55784905
3376,25550341
3377,2317759
3378,14320886
3379,129823277
3380,31178845
3381,1719427
3382,618130
3383,2065339
3384,48433186
3385,67749522
3386,961075
3387,9860085
3388,72588175
3389,353790730
3390,2229099
3391,13444421
3392,3688940
3393,17707035
3394,63520701
3395,106024860
3396,2418878
3397,1371577
3398,111407329
3399,48294111
3400,13274024
3401,3921058
3402,470734
3403,510405513
3404,2729843
3405,20284427
3406,44618224
3407,64964820
3408,44771100
3409,1749066
3410,26868342
3411,47817746
3412,24486097
3413,52959849
3414,195211
3415,31955069
3416,66827852
3417,37927626
3418,35990652
3419,144290617
3420,9555888
3421,24118693
3422,2064333
3423,138060134
3424,453936
3425,10601513
3426,7254692
3427,26940588
3428,4812306
3429,31441621
3430,336327508
3431,878953
3432,17738732
3433,32318800
3434,13520071
3435,190908389
3436,60891395
3437,995465
3438,15397464
3439,87333792
3440,25305060
3441,62350203
3442,1535320
3443,7918728
3444,443488
3445,36560715
3446,146453
3447,2178881
3448,46070776
3449,17936810
3450,39427232
3451,50042287
3452,30026454
3453,42493078
3454,24653040
3455,25503995
3456,73507719
3457,20109388
3458,30733501
3459,395722416
3460,27961460
3461,4086721
3462,17833824
3463,32972144
3464,421052
3465,34024180
3466,56415735
3467,1884302
3468,59219549
3469,3744698
3470,189413
3471,57309929
3472,370870
3473,38734321
3474,35998541
3475,76086174
3476,553984
3477,42169374
3478,3861483
3479,172684811
3480,15298841
3481,3819742
3482,3158397
3483,190895
3484,1358154
3485,66719264
3486,121507168
3487,40857197
3488,84213022
3489,1819200
3490,30142656
3491,18488437
3492,11923640
3493,40235689
3494,3075776
3495,40613962
3496,1713418
3497,66941116
3498,5422210
3499,18919647
3500,1459508
3501,76890585
3502,39531054
3503,44307902
3504,42023766
3505,9852494
3506,49415405
3507,133272678
3508,3056726
3509,3141057
3510,67316470
3511,26092209
3512,81193512
3513,18797922
3514,35266574
3515,3459971
3516,5331121
3517,364050190
3518,40222822
3519,4528884
3520,362585
3521,447012
3522,17364235
3523,7057392
3524,57516317
3525,99822515
3526,23962569
3527,4570174
3528,4752855
3529,167332642
3530,52641990
3531,59754811
3532,49510128
3533,25731503
3534,28464135
3535,87400289
3536,18315692
3537,110457611
3538,39395619
3539,38476788
3540,45150738
3541,24020696
3542,25458451
3543,1207584
3544,50355024
3545,5773166
3546,3304298
3547,50044906
3548,171086181
3549,5185540
3550,105642869
3551,72902756
3552,39517892
3553,45610015
3554,126703564
3555,42800554
3556,73658464
3557,17392471
3558,55981691
3559,52879513
3560,623292
3561,39363445
3562,17089295
3563,11895637
3564,270385
3565,5961001
3566,65856528
3567,24243814
3568,6035757
3569,71030894
3570,512058
3571,26361652
3572,109133234
3573,1243784
3574,21445063
3575,18361420
3576,30804174
3577,2220128
3578,52152351
3579,35986038
3580,7031378
3581,40317675
3582,57321043
3583,1668879
3584,20315033
3585,43218331
3586,23532466
3587,10685155
3588,8625957
3589,17754513
3590,18754787
3591,146024498
3592,354839
3593,515958
3594,3651179
3595,17922557
3596,35175924
3597,1338050
3598,42796343
3599,32231091
3600,8499330
3601,413327
3602,5434607
3603,16971222
3604,5814088
3605,53764058
3606,11181962
3607,47833961
3608,98386206
3609,947660
3610,39394013
3611,378695
3612,8512290
3613,6389860
3614,93901851
3615,47511881
3616,3778077
3617,24235959
3618,65383362
3619,132246
3620,55548034
3621,128709904
3622,231579402
3623,48395688
3624,409037
3625,606598
3626,26477778
3627,86265300
3628,211048316
3629,16842718
3630,171621
3631,107923087
3632,4441352
3633,76984336
3634,147244
3635,11367778
3636,28804499
3637,1822832
3638,25097824
3639,40132878
3640,203653114
3641,4566849
3642,3785924
3643,21428912
3644,14922731
3645,23410727
3646,30951355
3647,46563055
3648,6029991
3649,16514466
3650,25778727
3651,176514777
3652,2706736
3653,165257627
3654,4140039
3655,28271302
3656,3992816
3657,978838
3658,2220486
3659,87344170
3660,88405004
3661,25124573
3662,28821274
3663,172147370
3664,134945
3665,543799
3666,12826435
3667,58540243
3668,39003752
3669,6231947
3670,73302132
3671,6420925
3672,1943547
3673,82582385
3674,22266977
3675,111868206
3676,38164750
3677,10818820
3678,60180014
3679,22497235
3680,2766002
3681,22086161
3682,48686532
3683,4756422
3684,44325931
3685,47775653
3686,13209904
3687,48515858
3688,1036847
3689,674462
3690,66243151
3691,13407592
3692,125738
3693,70560052
3694,67984171
3695,53727719
3696,21602524
3697,29060306
3698,36839795
3699,20757285
3700,1136605
3701,59007346
3702,682213
3703,59010217
3704,62997175
3705,19900339
3706,63072477
3707,5156831
3708,12904206
3709,158840410
3710,5577116
3711,381054
3712,29196365
3713,38658872
3714,1052628
3715,26932528
3716,10098377
3717,101540
3718,637538
3719,48914023
3720,5390664
3721,1882511
3722,48579742
3723,1422782
3724,18106288
3725,5201533
3726,11972095
3727,41389117
3728,56160126
3729,14977619
3730,45815111
3731,58016077
3732,401031
3733,76933343
3734,177356121
3735,22512383
3736,18931111
3737,2063724
3738,810705
3739,14649535
3740,25026012
3741,11210004
3742,55454480
3743,23945963
3744,127784285
3745,83212809
3746,121469873
3747,1431193
3748,17029101
3749,1856865
3750,310308
3751,33992313
3752,2032850
3753,3938906
3754,27122381
3755,44794024
3756,4868210
3757,164693589
3758,79552215
3759,8541895
3760,79159601
3761,56770914
3762,105919280
3763,19395029
3764,36345393
3765,2013419
3766,16899093
3767,16436217
3768,18642607
3769,1515022
3770,3746182
3771,39586978
3772,9574986
3773,28999493
3774,15083548
3775,85242865
3776,53535812
3777,3314588
3778,120453
3779,4629602
3780,1878532
3781,27150542
3782,1000005
3783,27824335
3784,8692537
3785,170244564
3786,16181757
3787,81657595
3788,1209826160
3789,2202613
3790,726136
3791,17347026
3792,230427
3793,676344
3794,3407682
3795,354869247
3796,15108283
3797,22416131
3798,20292546
3799,2158044
3800,2007810
3801,42708430
3802,1589989
3803,22798258
3804,78863
3805,57366
3806,49565340
3807,1196256
3808,8793839
3809,28445776
3810,4654464
3811,4512618
3812,10451351
3813,398158
3814,1631660
3815,122163956
3816,39051129
3817,227080707
3818,47010014
3819,49144973
3820,73693652
3821,109348726
3822,20041771
3823,17945491
3824,12548401
3825,3400851
3826,71213228
3827,37111780
3828,9504997
3829,4414
3830,62656326
3831,819
3832,157253220
3833,31121139
3834,6836146
3835,8874080
3836,6092244
3837,34014701
3838,92564195
3839,4410217
3840,27188075
3841,9878521
3842,16188645
3843,36398832
3844,225572
3845,772985
3846,888431
3847,1793313
3848,2230693
3849,61047070
3850,29390651
3851,41677641
3852,4072145
3853,46220881
3854,147527
3855,415028
3856,3823416
3857,450572258
3858,257779
3859,3316762
3860,29872653
3861,48173864
3862,20004419
3863,57670595
3864,67927408
3865,66962813
3866,13615881
3867,28230266
3868,22372214
3869,54418373
3870,57176156
3871,439156957
3872,16935908
3873,35196615
3874,1188898
3875,63045137
3876,233808
3877,30864141
3878,77326591
3879,173500355
3880,16733776
3881,47802
3882,1282762
3883,3274386
3884,28027708
3885,23272276
3886,26771800
3887,19870159
3888,8728444
3889,43534199
3890,121134963
3891,21480757
3892,3181627
3893,82839843
3894,55684424
3895,28445221
3896,35799817
3897,4430084
3898,26737754
3899,455511602
3900,26959840
3901,1138115
3902,92249
3903,3333216
3904,18592718
3905,23652570
3906,87448077
3907,2180415
3908,2018538
3909,1020602
3910,20709906
3911,1260617
3912,12774903
3913,54180444
3914,48689493
3915,200736902
3916,312162
3917,3111501
3918,11468399
3919,57294794
3920,20356609
3921,410520
3922,20073365
3923,32185996
3924,56202078
3925,90253532
3926,1659315
3927,58904208
3928,56748659
3929,56958642
3930,744054
3931,10048853
3932,3236255
3933,25999057
3934,41585954
3935,127575
3936,408429
3937,125454819
3938,10714810
3939,23006095
3940,2651032
3941,31110514
3942,81966829
3943,436300819
3944,1979983
3945,37218776
3946,646524
3947,34684991
3948,11478590
3949,2656873
3950,3252619
3951,9991736
3952,66896764
3953,75327082
3954,177776497
3955,9873194
3956,42360823
3957,3655577
3958,8522246
3959,12411001
3960,328331
3961,31353906
3962,3264917
3963,27256409
3964,312066353
3965,103078555
3966,49295623
3967,174990752
3968,56811264
3969,1948760
3970,20667387
3971,15869285
3972,4862012
3973,80482653
3974,108186
3975,136585492
3976,38908044
3977,57253685
3978,78524768
3979,544080
3980,1935183
3981,8745677
3982,15654766
3983,19559843
3984,90978572
3985,3931387
3986,399320427
3987,33003279
3988,16180188
3989,33741701
3990,35408157
3991,1486841
3992,422338
3993,22239149
3994,36349110
3995,55981401
3996,51828507
3997,21174570
3998,81726683
3999,4094495
4000,26671541
4001,18357580
4002,129408943
4003,323085
4004,38874261
4005,1473412
4006,36185698
4007,235674
4008,12863117
4009,28374251
4010,215690
4011,23228933
4012,77914506
4013,49743505
4014,855796
4015,42994544
4016,29483632
4017,20864725
4018,104687995
4019,240687496
4020,1560588
4021,41439882
4022,4550557
4023,155224077
4024,5382509
4025,1339120
4026,46395537
4027,40604590
4028,5267301
4029,32251
4030,29414096
4031,94352465
4032,919032
4033,209644
4034,1292071
4035,59285444
4036,1123451
4037,8407691
4038,13946871
4039,7710642
4040,12270527
4041,959265
4042,40048888
4043,4524863
4044,47776275
4045,64728168
4046,17980301
4047,230104077
4048,20259828
4049,59771
4050,1965313
4051,231636077
4052,20228509
4053,1742192
4054,1177614
4055,16249136
4056,17091408
4057,292603
4058,24455889
4059,6454509
4060,39284992
4061,107014246
4062,34678941
4063,27870311
4064,38304852
4065,57186521
4066,2616108
4067,33273910
4068,2168581
4069,19510272
4070,20467021
4071,5513131
4072,2489835
4073,70742472
4074,41430
4075,27721692
4076,37625100
4077,178339953
4078,11457562
4079,60828105
4080,3642852
4081,1145203
4082,76971196
4083,46014587
4084,104308
4085,22187280
4086,70177002
4087,12464610
4088,28766661
4089,25381237
4090,4395102
4091,60852536
4092,64389874
4093,33852718
4094,8743789
4095,116711105
4096,5949329
4097,31150771
4098,17655132
4099,7009393
4100,63968990
4101,26963397
4102,9934552
4103,36521420
4104,2362580
4105,15622
4106,1943448
4107,298658
4108,26837054
4109,309731
4110,18110358
4111,4229023
4112,27093709
4113,9014602
4114,135127371
4115,17510034
4116,20249194
4117,8848663
4118,40210326
4119,26104596
4120,994573
4121,4490023
4122,57292045
4123,3948696
4124,34071844
4125,38251654
4126,18292700
4127,899845
4128,2219230
4129,518394
4130,3274768
4131,66417223
4132,101101761
4133,30964512
4134,16110192
4135,21703602
4136,278081554
4137,25109208
4138,35293122
4139,10964853
4140,3488390
4141,14664327
4142,58306946
4143,28940899
4144,3109457
4145,34944549
4146,10327540
4147,988666
4148,33182793
4149,12411900
4150,1192977
4151,250221
4152,29005464
4153,27579676
4154,4846818
4155,13793241
4156,15801512
4157,7337418
4158,12081970
4159,81228464
4160,121983443
4161,6014351
4162,28039531
4163,100535183
4164,21114684
4165,2123804
4166,2863845
4167,54648911
4168,14164314
4169,264465
4170,1685071
4171,78008003
4172,35734802
4173,12344577
4174,14650555
4175,7091666
4176,16869957
4177,66509
4178,249704578
4179,2374510
4180,42701547
4181,76941703
4182,5124795
4183,39406127
4184,26208496
4185,9023590
4186,11174654
4187,47215771
4188,18703749
4189,257334
4190,6574
4191,960465
4192,229290
4193,140224586
4194,69224827
4195,3067400
4196,4222416
4197,21129683
4198,2352307
4199,10480520
4200,39450826
4201,53761892
4202,31209129
4203,21624762
4204,57589418
4205,2159716
4206,28198178
4207,197702904
4208,150853749
4209,65314335
4210,49576096
4211,28019628
4212,257231715
4213,2471581
4214,21457481
4215,1553655
4216,3257848
4217,1294402
4218,53567570
4219,17865335
4220,25161630
4221,293051
4222,11
4223,44791064
4224,2588265
4225,32133479
4226,34558480
4227,25251952
4228,60762
4229,50020344
4230,29428280
4231,10854058
4232,3203213
4233,36646951
4234,57733678
4235,4794221
4236,1225170
4237,12751455
4238,64735203
4239,90957138
4240,129522971
4241,131153409
4242,7138545
4243,456109
4244,35364144
4245,1698092
4246,2457577
4247,34694994
4248,28063780
4249,63391282
4250,24851026
4251,805707
4252,114437935
4253,60804045
4254,45554608
4255,53938240
4256,95132796
4257,49964277
4258,20330194
4259,954759
4260,138715074
4261,21935413
4262,2781282
4263,12395770
4264,172838582
4265,4884909
4266,5799547
4267,14766507
4268,12675539
4269,29253344
4270,107614743
4271,28315037
4272,47433
4273,7509888
4274,36518429
4275,4262990
4276,17672174
4277,65658380
4278,2839059
4279,34405844
4280,440015
4281,493085
4282,6357337
4283,88203
4284,5281289
4285,8157
4286,187473665
4287,23320349
4288,50087751
4289,87652357
4290,36968011
4291,2052903
4292,1922714
4293,21628536
4294,114221591
4295,66990636
4296,45303174
4297,5989506
4298,975713
4299,14443206
4300,34257498
4301,1503631
4302,4956181
4303,13187724
4304,28892964
4305,39507165
4306,26145594
4307,320591
4308,108347
4309,35777097
4310,308667
4311,306415
4312,36045089
4313,129074356
4314,2470597
4315,76429529
4316,195005135
4317,281237
4318,32685889
4319,525479
4320,5596158
4321,32358298
4322,4300989
4323,8588407
4324,4825880
4325,6229349
4326,3773702
4327,75497662
4328,4266128
4329,93712
4330,298903005
4331,44675871
4332,41155204
4333,1711041
4334,74773743
4335,42666733
4336,31436135
4337,292902
4338,91255469
4339,68841638
4340,32996121
4341,24326805
4342,11141736
4343,26454190
4344,1296915
4345,326571
4346,35736137
4347,50563037
4348,344146
4349,75629014
4350,9463095
4351,108804140
4352,1835393
4353,93618425
4354,36994166
4355,26050171
4356,2338108
4357,103272354
4358,13792891
4359,27659719
4360,38054523
4361,40915862
4362,9813433
4363,38951426
4364,62471551
4365,1032040
4366,40984548
4367,105759131
4368,126054054
4369,23117047
4370,35817930
4371,87692587
4372,27001545
4373,4424879
4374,36952169
4375,932231
4376,1812
4377,3692219
4378,15702383
4379,81839780
4380,58915248
4381,100216384
4382,28394874
4383,149104050
4384,20310048
4385,192971
4386,28625362
4387,48081062
4388,43571399
4389,117057968
4390,12185822
4391,2017952
4392,103433072
4393,99044191
4394,35387584
4395,3877199
4396,33078502
4397,7332197
4398,70319883
4399,4710029
4400,11481391
4401,6942977
4402,21772411
4403,28476698
4404,44735881
4405,31160994
4406,933845
4407,5384485
4408,1801531
4409,69779
4410,13535508
4411,17315036
4412,47558936
4413,46966346
4414,385473
4415,5368146
4416,979660
4417,101277775
4418,298951
4419,24648884
4420,388704225
4421,1603391
4422,3456200
4423,2529660
4424,452419
4425,48225268
4426,14787702
4427,75819441
4428,8770756
4429,1352013
4430,453465
4431,166800
4432,84737907
4433,101624884
4434,93852717
4435,21318892
4436,54724527
4437,2304056
4438,2465088
4439,18361489
4440,10817944
4441,40452401
4442,2077368
4443,27910
4444,960945
4445,7907766
4446,1497194
4447,40756838
4448,17758357
4449,925009
4450,92057293
4451,133787009
4452,29630882
4453,1375545
4454,48482
4455,296823
4456,36141549
4457,2551021
4458,778749
4459,38957708
4460,5391138
4461,64228647
4462,55530384
4463,12420961
4464,35412284
4465,20167591
4466,169563
4467,34571126
4468,1045206
4469,78175899
4470,27971559
4471,155909
4472,62121702
4473,11972013
4474,5408670
4475,4068176
4476,63931
4477,34548496
4478,2602066
4479,9074177
4480,87188145
4481,8684939
4482,4124457
4483,8999787
4484,875332
4485,21343275
4486,41488944
4487,16698654
4488,35394029
4489,40858205
4490,12758
4491,67322389
4492,13591441
4493,3316443
4494,19212142
4495,22749747
4496,52147570
4497,2228760
4498,31767024
4499,1324138
4500,73381044
4501,47468431
4502,12177212
4503,234256000
4504,1555902
4505,1481024
4506,56682730
4507,14096738
4508,7806488
4509,4301553
4510,10107785
4511,71267329
4512,16245
4513,30781070
4514,14684097
4515,113874979
4516,11279537
4517,16681062
4518,63817931
4519,52476895
4520,13864774
4521,21008766
4522,92860864
4523,36444858
4524,544755
4525,5333850
4526,1371717
4527,35004429
4528,2586186
4529,2240660
4530,22595432
4531,12025736
4532,15787465
4533,25456742
4534,11856693
4535,76369395
4536,33591341
4537,12035811
4538,31400766
4539,323773
4540,41080641
4541,22236457
4542,98437158
4543,62493348
4544,1905543
4545,1859763
4546,673691
4547,4664919
4548,5647049
4549,1518497
4550,2205548
4551,401961267
4552,76496771
4553,16976567
4554,120949560
4555,1598135
4556,29000669
4557,4350584
4558,27625217
4559,44685485
4560,55709632
4561,33431124
4562,1138229
4563,138277596
4564,424886
4565,223578
4566,24595503
4567,61659535
4568,2031893
4569,17378561
4570,27376201
4571,3842648
4572,27400158
4573,39633679
4574,197537
4575,1857608
4576,23021766
4577,2761225
4578,25008854
4579,4070740
4580,55958039
4581,10132840
4582,37552813
4583,90541072
4584,5411964
4585,105006505
4586,4066291
4587,2646853
4588,85757701
4589,2879211
4590,1549780354
4591,52597826
4592,772315
4593,546436
4594,22244380
4595,128794882
4596,77660729
4597,24541594
4598,81168167
4599,24137745
4600,913132
4601,34398304
4602,27146082
4603,40469965
4604,20233850
4605,110468747
4606,73804991
4607,34403006
4608,4830036
4609,18610572
4610,150271386
4611,58850169
4612,21939457
4613,19906144
4614,5408993
4615,11428284
4616,2563650
4617,38355252
4618,620889
4619,20903051
4620,4702049
4621,92202953
4622,5986602
4623,16125562
4624,402264
4625,24681589
4626,40037663
4627,16168117
4628,4512171
4629,375473
4630,21591348
4631,22177196
4632,13980965
4633,3159
4634,415299
4635,950164
4636,51200047
4637,558869
4638,20758967
4639,523412
4640,33686366
4641,7504132
4642,12692743
4643,34094884
4644,11392573
4645,724794
4646,420759159
4647,749368
4648,1282198
4649,87300839
4650,98648748
4651,59677950
4652,283339231
4653,102548
4654,46122264
4655,63473249
4656,17501443
4657,4826117
4658,34606704
4659,2115167
4660,11424628
4661,17908534
4662,6031545
4663,4506334
4664,10611094
4665,26554597
4666,36579141
4667,76026989
4668,338976
4669,3899436
4670,74635510
4671,15842595
4672,511209
4673,10466950
4674,6770067
4675,20794257
4676,1590324
4677,56675
4678,9930412
4679,182698
4680,1591527
4681,22289576
4682,897249
4683,485306
4684,2052243
4685,36800181
4686,10109809
4687,40891160
4688,60009431
4689,2443657
4690,3223751
4691,30370228
4692,2999247
4693,8796189
4694,2876489
4695,26593162
4696,4585665
4697,43855761
4698,3264550
4699,8813255
4700,56736780
4701,79152206
4702,17444940
4703,18344235
4704,39497755
4705,55478101
4706,29788002
4707,6299583
4708,34074885
4709,92127
4710,83809885
4711,29373419
4712,5405254
4713,87341503
4714,6322146
4715,156447
4716,1802430
4717,21381842
4718,47329233
4719,109746780
4720,2239197
4721,2764245
4722,45009371
4723,7291935
4724,125549461
4725,35383728
4726,3258197
4727,14987457
4728,39546125
4729,102421750
4730,224828
4731,34518918
4732,282736306
4733,832933
4734,137645325
4735,30436849
4736,3034884
4737,28476200
4738,1863938
4739,57638315
4740,121651173
4741,521295
4742,50558704
4743,63941
4744,509878
4745,112812091
4746,39921387
4747,13408353
4748,41068611
4749,9549788
4750,5315789
4751,58067564
4752,3768671
4753,15945893
4754,257172659
4755,4407710
4756,28379800
4757,59355813
4758,69917350
4759,238585138
4760,34209
4761,14348688
4762,1036961
4763,1386482
4764,206001402
4765,17803904
4766,82354036
4767,35827200
4768,36472779
4769,35625121
4770,79244891
4771,55525162
4772,21585808
4773,13415125
4774,2623313
4775,288495
4776,3196257
4777,105627404
4778,58200552
4779,2907176
4780,105602655
4781,283247
4782,19943074
4783,13464609
4784,15808395
4785,30767230
4786,64233308
4787,59413995
4788,71483152
4789,14847024
4790,60619291
4791,7651339
4792,1982725
4793,25944480
4794,929089
4795,5910322
4796,8677505
4797,358228790
4798,54773604
4799,8497998
4800,27362532
4801,5841464
4802,25362818
4803,6693587
4804,1686639
4805,961913
4806,12159782
4807,255028
4808,1703034
4809,60845454
4810,104523
4811,1969623
4812,46081984
4813,90671174
4814,350407
4815,29751036
4816,36064732
4817,11284825
4818,22697148
4819,5958687
4820,38079813
4821,619648
4822,195384
4823,4489770
4824,43414007
4825,111248597
4826,3989213
4827,41965291
4828,28118770
4829,37290185
4830,46932188
4831,27906741
4832,5794018
4833,12328357
4834,3855230
4835,25968142
4836,2825219
4837,140431852
4838,62844453
4839,91779
4840,165277683
4841,93845
4842,78158669
4843,127497688
4844,3420825
4845,19529526
4846,846453
4847,271916542
4848,39658893
4849,156745991
4850,3805657
4851,53836
4852,19180100
4853,79344709
4854,6257139
4855,38840800
4856,2674985
4857,25946850
4858,24132774
4859,6666253
4860,196188545
4861,77966442
4862,76328447
4863,109730971
4864,36433314
4865,24982142
4866,2608774
4867,77441465
4868,12117494
4869,2053290
4870,14680543
4871,25893182
4872,554118
4873,16047148
4874,96114974
4875,2672635
4876,27580197
4877,32412069
4878,6180153
4879,29781495
4880,15376878
4881,1156637
4882,17090460
4883,53611593
4884,47711184
4885,5591107
4886,28553120
4887,1064094
4888,4493155
4889,1149635
4890,60234280
4891,762832
4892,6497781
4893,59928479
4894,8870503
4895,1893520
4896,69565756
4897,4759265
4898,101799487
4899,634813088
4900,108234306
4901,43962492
4902,9903093
4903,3903653
4904,85812809
4905,30284033
4906,237544
4907,354380671
4908,25884385
4909,44383593
4910,26086771
4911,16950196
4912,47315575
4913,18525260
4914,38288261
4915,42288278
4916,4443912
4917,16105450
4918,57693308
4919,32706394
4920,34192836
4921,49934546
4922,3652583
4923,2631579
4924,88413080
4925,68246340
4926,361421
4927,25950392
4928,20523346
4929,6241823
4930,3690049
4931,24048131
4932,1262709
4933,95848351
4934,195848
4935,353498711
4936,2782497
4937,864313
4938,5224232
4939,852453
4940,3082738
4941,10964082
4942,1366159
4943,47753375
4944,52530505
4945,1295670
4946,15182241
4947,1289100
4948,1986036
4949,33915357
4950,72706376
4951,33194321
4952,21942221
4953,49985669
4954,31338567
4955,1566287
4956,3648320
4957,31838127
4958,27641857
4959,17963126
4960,8922029
4961,49421946
4962,1626140
4963,5613979
4964,4559739
4965,60367
4966,5478712
4967,40227030
4968,22562671
4969,2422
4970,528897
4971,40962933
4972,32760776
4973,11307989
4974,54588445
4975,2944094
4976,6333718
4977,40529573
4978,451549
4979,21866423
4980,35574125
4981,8383150
4982,70834069
4983,1271007
4984,45425112
4985,157757297
4986,4061967
4987,1669235
4988,2488796
4989,22670381
4990,969729
4991,21576401
4992,167313024
4993,3416240
4994,95573907
4995,289523
4996,22725571
4997,41209282
4998,26021034
4999,42483116
5000,80209475
5001,177816500
5002,113606755
5003,60727120
5004,22622336
5005,63297248
5006,201246320
5007,22932138
5008,176920162
5009,26738882
5010,7869648
5011,13429160
5012,38789831
5013,5525447
5014,65387691
5015,7540570
5016,59367211
5017,22344832
5018,24486398
5019,36731467
5020,6960791
5021,91795
5022,32579758
5023,6174103
5024,108516721
5025,827862
5026,49610159
5027,31010205
5028,57559147
5029,43001236
5030,33095414
5031,2846646
5032,96120488
5033,6298158
5034,6553423
5035,25916
5036,28199733
5037,43028931
5038,164578077
5039,1749876
5040,53607723
5041,33524420
5042,2909889
5043,30793410
5044,66791006
5045,5892142
5046,9961666
5047,2797278
5048,709986
5049,55370194
5050,2716416
5051,76640145
5052,70565698
5053,47737626
5054,33635003
5055,21712755
5056,4421438
5057,3412512
5058,11260136
5059,24485471
5060,72997250
5061,51149173
5062,402625
5063,5183
5064,36889045
5065,16734758
5066,53080152
5067,38465791
5068,27766711
5069,94624414
5070,4513368
5071,68127544
5072,61289524
5073,2000252
5074,10427841
5075,13826148
5076,29780697
5077,49418212
5078,1471589
5079,10353445
5080,46018890
5081,40665470
5082,19232134
5083,5767506
5084,16208724
5085,3122209
5086,10942424
5087,6144518
5088,2129542
5089,3063723
5090,18855826
5091,24218389
5092,30410366
5093,31080342
5094,65683407
5095,91211720
5096,43247290
5097,151576
5098,1615249
5099,8964731
5100,3075275
5101,150152
5102,3141678
5103,7396761
5104,30024593
5105,3171375
5106,8664047
5107,5124394
5108,21025143
5109,91985
5110,4942542
5111,49890483
5112,24806261
5113,43644
5114,17445410
5115,11301847
5116,807092
5117,156151734
5118,33037221
5119,351636
5120,108367
5121,38583389
5122,33212966
5123,3748488
5124,11894753
5125,22283775
5126,24334986
5127,37253359
5128,225615
5129,2805535
5130,26062048
5131,25373952
5132,33899990
5133,84777692
5134,94451596
5135,80985870
5136,2782536
5137,39050970
5138,13982821
5139,87143969
5140,104436670
5141,33472039
5142,82256618
5143,99886573
5144,49278393
5145,13274875
5146,964989
5147,12898663
5148,46156104
5149,2325752
5150,218034244
5151,177163086
5152,42661369
5153,2536714
5154,35079821
5155,1078150
5156,329537710
5157,29462234
5158,3023121
5159,76747820
5160,24628767
5161,17805849
5162,51088052
5163,25945613
5164,1850398
5165,52229418
5166,62853354
5167,6157153
5168,3816325
5169,1812198
5170,16710519
5171,41569990
5172,7473084
5173,48473249
5174,54903465
5175,4478929
5176,15300205
5177,369357872
5178,213415888
5179,327391
5180,16508171
5181,98885
5182,26481694
5183,6680356
5184,15880270
5185,1226934
5186,2498361
5187,3386361
5188,2159443
5189,31605916
5190,141645073
5191,6789309
5192,94995323
5193,58350154
5194,35286433
5195,128470720
5196,42510843
5197,35571547
5198,72304205
5199,15738385
5200,8822626
5201,22874517
5202,822171
5203,3673608
5204,271372
5205,8082349
5206,24937207
5207,1106177
5208,15048609
5209,97589299
5210,47732972
5211,10018570
5212,15807314
5213,43429245
5214,2642
5215,2549362
5216,52584102
5217,3247562
5218,20562407
5219,23271850
5220,50827889
5221,341456
5222,1680786
5223,152069025
5224,61041
5225,349633
5226,68647871
5227,850413
5228,27264635
5229,44577776
5230,1777490
5231,6025093
5232,410646
5233,1356963
5234,38501798
5235,27046409
5236,61689131
5237,73232075
5238,18728123
5239,28455326
5240,73702911
5241,69816475
5242,51139382
5243,2571513
5244,42927527
5245,4097724
5246,5086531
5247,50350141
5248,1618290
5249,31691795
5250,59197758
5251,2917528
5252,6268
5253,5107171
5254,699821
5255,53384032
5256,99149744
5257,2708578
5258,2271431
5259,108256801
5260,2006383
5261,42563390
5262,11793582
5263,34365542
5264,9187387
5265,8007885
5266,27483718
5267,8309365
5268,14348417
5269,68848028
5270,51153340
5271,21430067
5272,62362074
5273,323916
5274,37513533
5275,2803818
5276,3898654
5277,5931213
5278,16912855
5279,19982327
5280,118638
5281,7637663
5282,16564229
5283,1255558
5284,2051360
5285,41689662
5286,2838168
5287,1715360
5288,1240314
5289,138330118
5290,108996638
5291,170364451
5292,230604251
5293,69643900
5294,266644
5295,251629315
5296,3128663
5297,50386192
5298,71476040
5299,6767703
5300,1457281
5301,14042702
5302,49106325
5303,812082
5304,24312724
5305,2413062
5306,54833935
5307,149446089
5308,499372
5309,2072222
5310,66565159
5311,8031512
5312,122745286
5313,265462319
5314,57880045
5315,1362135
5316,26106842
5317,4251452
5318,1402426
5319,30327835
5320,22962097
5321,29294241
5322,125044
5323,81053856
5324,23997172
5325,10322710
5326,26578842
5327,66226368
5328,50555535
5329,5341944
5330,73250571
5331,2764723
5332,402224
5333,30624787
5334,27735296
5335,10057828
5336,21991192
5337,616301
5338,30906167
5339,52785004
5340,3502845
5341,61351714
5342,56356811
5343,32228690
5344,82354973
5345,152751
5346,119885826
5347,762498
5348,49397163
5349,2872938
5350,268707
5351,50019517
5352,6142847
5353,25807893
5354,40424177
5355,36880353
5356,3511788
5357,530945
5358,61247143
5359,45749555
5360,48212325
5361,2583504
5362,1707931
5363,29768443
5364,1046050
5365,46959521
5366,34139376
5367,45617496
5368,16830517
5369,355609989
5370,58483362
5371,42248413
5372,263105272
5373,40496693
5374,73072710
5375,41528038
5376,100307967
5377,23542924
5378,235136
5379,18000778
5380,51872070
5381,40293229
5382,50421945
5383,828040
5384,92560077
5385,73509999
5386,5525433
5387,11427716
5388,85952334
5389,8729231
5390,5981657
5391,30324865
5392,168600
5393,2107038
5394,42845212
5395,6132617
5396,199759075
5397,4364570
5398,14690122
5399,69353
5400,1340295
5401,114027843
5402,41598655
5403,45641399
5404,237317
5405,82382225
5406,2217745
5407,78951290
5408,244775441
5409,60944717
5410,7784949
5411,48010587
5412,76767
5413,1955022
5414,49854576
5415,42114715
5416,19941261
5417,37043904
5418,1037398
5419,312154
5420,44719381
5421,30436139
5422,62185040
5423,117131738
5424,75800021
5425,22336855
5426,16457239
5427,1017586
5428,9083439
5429,51634012
5430,68779846
5431,31885184
5432,96993116
5433,35556009
5434,38287467
5435,3026294
5436,30083618
5437,41147387
5438,17313020
5439,4321980
5440,39079425
5441,11812004
5442,61758345
5443,47126173
5444,35886259
5445,38511821
5446,78592779
5447,24519065
5448,10437143
5449,41158012
5450,3190782
5451,31449589
5452,314342
5453,61498474
5454,119117566
5455,17245010
5456,21954567
5457,28863233
5458,1665674
5459,2349090
5460,1963441
5461,126335
5462,990859
5463,463243679
5464,2494574
5465,34126141
5466,42375980
5467,52649215
5468,44680704
5469,965390
5470,128112472
5471,78148798
5472,47207652
5473,17388801
5474,29086872
5475,23845064
5476,12981425
5477,13821257
5478,89425892
5479,43695584
5480,17802437
5481,3650724
5482,33715218
5483,23905333
5484,87488230
5485,20373751
5486,5293227
5487,199322831
5488,42418387
5489,21158124
5490,679340
5491,55244269
5492,29915918
5493,20854547
5494,85838
5495,24335734
5496,30884249
5497,20420090
5498,1191989
5499,50491398
5500,22217673
5501,3128585
5502,3599183
5503,23709297
5504,40767117
5505,1731011
5506,109196106
5507,39769798
5508,60129215
5509,117475459
5510,20223471
5511,12662882
5512,73643774
5513,771675
5514,24058802
5515,6283497
5516,157071
5517,119487313
5518,28783198
5519,85130198
5520,168485
5521,24176851
5522,128338
5523,147786649
5524,151261380
5525,53253438
5526,17609129
5527,891420
5528,47519428
5529,245004
5530,96427817
5531,710227
5532,3235585
5533,53210439
5534,89774597
5535,7028928
5536,301719
5537,17895538
5538,19497376
5539,89447017
5540,38730788
5541,94255000
5542,630900
5543,19118154
5544,36306615
5545,141792
5546,3128479
5547,5835885
5548,13941482
5549,33073069
5550,26972156
5551,14793086
5552,92041061
5553,44754879
5554,4463753
5555,24466066
5556,38184728
5557,12025204
5558,308875368
5559,1325287
5560,1530231
5561,37017747
5562,32995687
5563,201131
5564,5185146
5565,24896561
5566,13588131
5567,3085272
5568,40931081
5569,60162621
5570,76017583
5571,132574900
5572,241658
5573,97502318
5574,7522718
5575,21349984
5576,59014611
5577,34388735
5578,2795193
5579,14240996
5580,4140357
5581,26706571
5582,40347940
5583,51094174
5584,31174132
5585,12963194
5586,3626750
5587,24585869
5588,85172634
5589,46245186
5590,379183
5591,5825925
5592,4509197
5593,19483076
5594,12653609
5595,23149915
5596,115713753
5597,1162113
5598,4820461
5599,19185192
5600,1471330
5601,28691608
5602,34984102
5603,319616
5604,20604217
5605,70243001
5606,53661815
5607,40778896
5608,31874664
5609,3907864
5610,32304556
5611,41633796
5612,122141578
5613,21865528
5614,17600221
5615,47362653
5616,4143236
5617,74453340
5618,27368390
5619,44323588
5620,14035523
5621,49170919
5622,7305325
5623,43868261
5624,131363485
5625,346847
5626,1531094
5627,69031354
5628,34208770
5629,188266780
5630,5166734
5631,48465132
5632,66084534
5633,24039398
5634,5673182
5635,54770024
5636,711168
5637,2565103
5638,91472596
5639,4392153
5640,1006854
5641,48328267
5642,23294448
5643,1950246
5644,273420509
5645,110363153
5646,7239445
5647,6615256
5648,40589070
5649,7252980
5650,133075168
5651,30187578
5652,9506425
5653,96114336
5654,84963481
5655,60643448
5656,335350290
5657,1154239
5658,3298614
5659,26433313
5660,56714750
5661,6124804
5662,217274265
5663,16506144
5664,3840374
5665,90071363
5666,17455678
5667,27075119
5668,1733959
5669,13055685
5670,269011128
5671,21355132
5672,8521860
5673,86655976
5674,22057976
5675,3959563
5676,1053393
5677,60665434
5678,92581190
5679,512550
5680,20395819
5681,1314703273
5682,974590
5683,364606870
5684,35515724
5685,6030371
5686,888846
5687,36625309
5688,17151246
5689,21156691
5690,13974809
5691,68742604
5692,215998361
5693,29889237
5694,55975545
5695,2530207
5696,59997503
5697,29375
5698,6316782
5699,1265602
5700,76770534
5701,4680950
5702,33760508
5703,39892952
5704,10833464
5705,19213951
5706,259465
5707,52172604
5708,16034367
5709,16588484
5710,9420394
5711,65119772
5712,69902417
5713,12013254
5714,2885480
5715,2614760
5716,735720
5717,18869834
5718,17885699
5719,30919831
5720,20345251
5721,56993550
5722,1376522
5723,18649038
5724,812691
5725,145538
5726,45006938
5727,70947257
5728,4377966
5729,178939475
5730,15034375
5731,135606
5732,1399362
5733,5186742
5734,22856424
5735,2307818
5736,92386028
5737,34393844
5738,59112236
5739,7729320
5740,25787556
5741,70688491
5742,30803907
5743,26546049
5744,237546
5745,11647425
5746,53905051
5747,2984960
5748,47795535
5749,41398578
5750,29731305
5751,69412614
5752,6046605
5753,195934329
5754,26253550
5755,47468772
5756,23915768
5757,15541110
5758,989990
5759,3746763
5760,1219945
5761,960316
5762,44447122
5763,60704794
5764,1392816
5765,28246897
5766,32578860
5767,30259733
5768,45859198
5769,141233617
5770,15460747
5771,28820305
5772,21497162
5773,223839870
5774,42811648
5775,31517330
5776,5868045
5777,86021893
5778,88781300
5779,96863766
5780,520291
5781,48759607
5782,38353318
5783,57371537
5784,370272
5785,39040698
5786,14427599
5787,94001320
5788,1584367
5789,31793674
5790,46742605
5791,47090110
5792,10221068
5793,2345706
5794,50566311
5795,45790067
5796,9071356
5797,78954496
5798,744509
5799,134207030
5800,731937
5801,17151253
5802,449378
5803,78984
5804,204009351
5805,4410509
5806,4626933
5807,41830218
5808,51097780
5809,10863177
5810,885
5811,1831160
5812,58295206
5813,99590803
5814,3728532
5815,6804386
5816,1751775
5817,1449593
5818,3300558
5819,36185220
5820,2733740
5821,205467
5822,40157
5823,35271137
5824,43157242
5825,4084769
5826,12967068
5827,1717983
5828,221914431
5829,37954201
5830,34462861
5831,50327480
5832,31076904
5833,24074882
5834,5647247
5835,31377
5836,43411775
5837,43373069
5838,220018
5839,70325681
5840,1111996
5841,32297415
5842,34598834
5843,2013332
5844,1568964
5845,83978
5846,1389117
5847,102346685
5848,35989814
5849,976940
5850,32246488
5851,7950510
5852,1934615
5853,37486783
5854,22896342
5855,138760305
5856,21909802
5857,309117670
5858,430519
5859,54003130
5860,52160750
5861,1194722
5862,6448527
5863,88140330
5864,147754306
5865,22614084
5866,16367809
5867,7004131
5868,34227864
5869,9516483
5870,1587348
5871,96930677
5872,169875581
5873,3568936
5874,1186780
5875,66356403
5876,39484631
5877,4426159
5878,104958880
5879,17832442
5880,61962974
5881,97222479
5882,121794987
5883,2241956
5884,47717670
5885,1480917
5886,24047294
5887,1881091
5888,14548265
5889,422829
5890,39933909
5891,32566764
5892,21621158
5893,2365746
5894,78838251
5895,19473297
5896,63712379
5897,1808059
5898,35775260
5899,5141407
5900,3642305
5901,38434
5902,2310666
5903,110367613
5904,33368471
5905,35466121
5906,34452382
5907,881951
5908,47266007
5909,36541926
5910,19334300
5911,9409510
5912,128978475
5913,32588123
5914,3333371
5915,15317622
5916,38455164
5917,125820486
5918,63610822
5919,48749476
5920,2400381
5921,23268937
5922,14544374
5923,18686105
5924,10932685
5925,220099585
5926,1143020
5927,9371853
5928,64342796
5929,451331
5930,99762384
5931,37165960
5932,1392892
5933,18442161
5934,123600823
5935,116035234
5936,48942202
5937,4323325
5938,2393563
5939,18851134
5940,97268291
5941,7319816
5942,43047018
5943,3228685
5944,23748600
5945,4718845
5946,737904
5947,55305
5948,103700465
5949,3023691
5950,87309414
5951,38226952
5952,7807198
5953,86402280
5954,23243334
5955,30871131
5956,37086139
5957,54336959
5958,60689613
5959,13693495
5960,4342173
5961,1661623
5962,4927563
5963,34203855
5964,49094774
5965,34143663
5966,29492844
5967,167536727
5968,75919895
5969,36753719
5970,17464696
5971,5171949
5972,19695599
5973,61751845
5974,646847
5975,23556031
5976,3343998
5977,966082
5978,1696651037
5979,11344331
5980,75711805
5981,11699504
5982,80226119
5983,505370
5984,27416366
5985,51765723
5986,387761
5987,17578239
5988,38067047
5989,804652
5990,118854800
5991,1923787
5992,28523901
5993,55435175
5994,3717058
5995,26450796
5996,23425831
5997,20212485
5998,160929450
5999,556571
6000,12991214
6001,5302681
6002,5505694
6003,164198099
6004,27268394
6005,602167
6006,17185750
6007,1465544
6008,22945825
6009,43350339
6010,39751758
6011,30677687
6012,20537601
6013,138197663
6014,2558373
6015,32775881
6016,26682225
6017,1411797
6018,40771850
6019,4698849
6020,1670174
6021,16351058
6022,3905569
6023,16265840
6024,6283278
6025,3789631
6026,68552132
6027,15917116
6028,95855697
6029,1259549
6030,181016718
6031,42147216
6032,276785
6033,31722566
6034,670254
6035,182643152
6036,2375813
6037,1236502
6038,15877
6039,2882852
6040,42361250
6041,186147859
6042,2907
6043,103932143
6044,1032947
6045,71759217
6046,341760
6047,6822946
6048,15304803
6049,9179952
6050,96163
6051,1054597
6052,31089625
6053,198357
6054,6585184
6055,1848215
6056,33155577
6057,243596
6058,49478719
6059,102326008
6060,75132890
6061,63435064
6062,11841714
6063,84223448
6064,1700358
6065,93600605
6066,33039143
6067,60802053
6068,363145
6069,80689021
6070,72375288
6071,2133713
6072,25083714
6073,31627821
6074,5010741
6075,3100945
6076,58778637
6077,2713533
6078,37849935
6079,280246851
6080,1166350
6081,1208258
6082,9763783
6083,81605517
6084,24088172
6085,23259286
6086,14711261
6087,40006720
6088,4146812
6089,8243247
6090,124122157
6091,498036
6092,3044552
6093,19600771
6094,58561102
6095,106355921
6096,14951695
6097,29618785
6098,44808244
6099,26583606
6100,33436102
6101,82480165
6102,42081334
6103,73400806
6104,107379
6105,888732
6106,579617
6107,143202
6108,37240333
6109,5905637
6110,66585662
6111,541200
6112,264236
6113,16052884
6114,44357350
6115,110734696
6116,158831
6117,14305743
6118,21498143
6119,36629114
6120,32503030
6121,3310311
6122,55178538
6123,1651301
6124,11270478
6125,9772367
6126,18238631
6127,2546176
6128,100871249
6129,4804206
6130,498445
6131,16319212
6132,55196
6133,26485046
6134,45560535
6135,56088080
6136,279886718
6137,108422275
6138,2086046
6139,451166111
6140,5117489
6141,26804007
6142,1555377
6143,2705385
6144,5423453
6145,15698212
6146,25931267
6147,46117080
6148,28752108
6149,47277587
6150,240705696
6151,23092951
6152,1997739305
6153,7297013
6154,129638
6155,102482382
6156,4446985
6157,26167031
6158,45649907
6159,18803508
6160,51206488
6161,25814957
6162,11744484
6163,1477688
6164,5107333
6165,43458878
6166,28173782
6167,24921883
6168,24992145
6169,42619581
6170,2653369
6171,19242839
6172,1236363
6173,38118120
6174,42146642
6175,19294582
6176,17751780
6177,62934046
6178,689142
6179,107843832
6180,45179753
6181,2143718
6182,231629167
6183,18431640
6184,441160237
6185,16241583
6186,6390241
6187,15558851
6188,28710869
6189,3820332
6190,100068280
6191,2650421
6192,67455289
6193,26296975
6194,2653471
6195,317455
6196,44827343
6197,1625284
6198,44209969
6199,430701487
6200,158867
6201,4540705
6202,51457736
6203,191424116
6204,2276733
6205,1957692
6206,32070054
6207,41349738
6208,39832468
6209,317279
6210,99231
6211,71019008
6212,2963010
6213,21339215
6214,6025668
6215,22506682
6216,24710968
6217,721417
6218,10232370
6219,25674835
6220,2795155
6221,9545432
6222,1280768
6223,37705210
6224,34570116
6225,101448444
6226,2000664
6227,2413812
6228,1401308
6229,1298066
6230,438513
6231,41619232
6232,27277203
6233,131767085
6234,27210770
6235,29845010
6236,36534923
6237,12150932
6238,2688510
6239,88125598
6240,93750642
6241,345531
6242,1209250
6243,17517830
6244,35536189
6245,12732302
6246,2086250
6247,276844418
6248,2118573
6249,3499153
6250,29854693
6251,85365984
6252,16047600
6253,14084827
6254,77202353
6255,10251520
6256,18877376
6257,41977631
6258,761732
6259,367277
6260,2446850
6261,67952880
6262,17092498
6263,37196374
6264,8003917
6265,4180232
6266,2250456
6267,103495912
6268,132402
6269,70740295
6270,102347610
6271,77644043
6272,4660223
6273,15316570
6274,67384171
6275,26361601
6276,21413471
6277,40211547
6278,667256
6279,21904146
6280,7435196
6281,9505251
6282,83848113
6283,29877182
6284,96798948
6285,39073884
6286,1320454
6287,19589539
6288,73289699
6289,77049233
6290,109106
6291,47766384
6292,87549415
6293,182159019
6294,11414619
6295,146973455
6296,7766615
6297,25994981
6298,734594
6299,195203
6300,79689514
6301,27055770
6302,1046745
6303,14433349
6304,16098196
6305,108123298
6306,42713906
6307,5778605
6308,959253
6309,1022423
6310,59841501
6311,60590
6312,520286
6313,24616600
6314,35984074
6315,3257785
6316,33897230
6317,92438999
6318,66214173
6319,64111804
6320,1578536
6321,19742550
6322,26814356
6323,36590436
6324,718616
6325,11543545
6326,13831832
6327,21663830
6328,38687599
6329,8811361
6330,7947076
6331,88030434
6332,4827568
6333,21975666
6334,428605
6335,40972995
6336,81164134
6337,40133596
6338,2169179
6339,8334313
6340,2444491
6341,4388824
6342,3284866
6343,72107389
6344,40658840
6345,989990
6346,116316165
6347,105352970
6348,4570301
6349,25611179
6350,1365023
6351,137758793
6352,63130528
6353,508960
6354,975033
6355,13142
6356,2509337
6357,3080735
6358,6472195
6359,1694366
6360,4154138
6361,80626122
6362,2121173
6363,2524805
6364,2816095
6365,56784494
6366,3221892
6367,11745101
6368,26775548
6369,5617585
6370,76189593
6371,3899763
6372,38107175
6373,12080536
6374,14131984
6375,29973675
6376,18769151
6377,15462089
6378,1730799
6379,81100388
6380,16468369
6381,3620826237
6382,39167825
6383,27161587
6384,38101141
6385,1806846
6386,191321082
6387,18697058
6388,634794
6389,549975
6390,48179387
6391,1878686
6392,32902169
6393,99606956
6394,141364404
6395,626268
6396,1079175
6397,2281634
6398,6465835
6399,1709248
6400,27857552
6401,633554
6402,3470680
6403,230385
6404,33594021
6405,1573235
6406,12786017
6407,22447282
6408,37499359
6409,47174649
6410,14993511
6411,1863608
6412,7736617
6413,21175753
6414,140797074
6415,2053216
6416,8085599
6417,62340528
6418,33499297
6419,28203182
6420,45234568
6421,37614602
6422,253698
6423,4473688
6424,51235131
6425,39590116
6426,12540001
6427,907849
6428,704312
6429,41841545
6430,52228140
6431,60262927
6432,83168250
6433,31300562
6434,21378893
6435,50810493
6436,36012185
6437,3086190
6438,31932896
6439,19424970
6440,50432310
6441,15428107
6442,5558023
6443,18604085
6444,117888
6445,121330000
6446,69238954
6447,9464938
6448,1736151
6449,21265930
6450,500498
6451,14935033
6452,57692938
6453,41284487
6454,28401298
6455,15316950
6456,2234681
6457,131473884
6458,874132
6459,3168334
6460,43733387
6461,101792261
6462,107114889
6463,165658
6464,2686787
6465,4654645
6466,22255758
6467,11557472
6468,1558271
6469,26239964
6470,4466968
6471,1906787
6472,15834949
6473,25048059
6474,1131622
6475,854845
6476,177787438
6477,42319766
6478,17402703
6479,129324817
6480,41938496
6481,52886817
6482,3893184
6483,1284698
6484,78753264
6485,38492370
6486,251821
6487,90064016
6488,56289999
6489,95165
6490,592875
6491,22509590
6492,13362026
6493,24659947
6494,58355970
6495,38712461
6496,23325528
6497,159111983
6498,26138778
6499,20521696
6500,357274
6501,1791473
6502,48470239
6503,29430836
6504,19747837
6505,22500924
6506,2785646
6507,2162838
6508,55313647
6509,1345793
6510,6063749
6511,15585965
6512,2601435
6513,23526211
6514,1999908
6515,213587158
6516,27729833
6517,2597970
6518,2899916
6519,38848930
6520,2704537
6521,105104529
6522,42971585
6523,40306760
6524,29994343
6525,72293038
6526,129423406
6527,515032
6528,7756581
6529,3792894
6530,84193425
6531,1323900
6532,3443898
6533,1723242
6534,97314214
6535,11598517
6536,33192948
6537,42272294
6538,35788240
6539,302333643
6540,62096622
6541,71583858
6542,37462567
6543,1037994
6544,36843066
6545,16944833
6546,234361464
6547,1748959
6548,43401784
6549,43314385
6550,25993631
6551,42445621
6552,8293979
6553,72671
6554,28199726
6555,9234998
6556,35685713
6557,3973229
6558,72098142
6559,95233668
6560,106140952
6561,1349727
6562,90303222
6563,22845131
6564,17694246
6565,22504556
6566,27816983
6567,7966239
6568,26412379
6569,3453702
6570,63936220
6571,20875023
6572,1062
6573,59057406
6574,29511392
6575,6259374
6576,34807152
6577,7404280
6578,31423419
6579,2670774
6580,649209
6581,43539493
6582,800076
6583,46340
6584,1709280
6585,61314277
6586,28437267
6587,6243364
6588,2147196
6589,38572496
6590,61620714
6591,28741748
6592,81386194
6593,57607163
6594,61918362
6595,80632
6596,66681921
6597,866258
6598,22713757
6599,6296804
6600,5665106
6601,15813685
6602,280959260
6603,33894452
6604,28075529
6605,105149293
6606,2146883
6607,33326864
6608,37806
6609,1861478
6610,2089354
6611,9302210
6612,408165604
6613,51353655
6614,115315176
6615,489275
6616,96075863
6617,33763439
6618,29631332
6619,9703402
6620,12302138
6621,89935022
6622,129713201
6623,110575307
6624,54926596
6625,61997633
6626,5772873
6627,37548604
6628,545312
6629,15625491
6630,2598693
6631,2839553
6632,464061
6633,9678031
6634,15841302
6635,852652
6636,125726355
6637,33006508
6638,507374
6639,7096752
6640,5975230
6641,81234347
6642,83382761
6643,137050
6644,828497
6645,89092317
6646,50946924
6647,702060
6648,78357674
6649,1135959
6650,4097865
6651,25992561
6652,1152919
6653,32434515
6654,41603820
6655,66311065
6656,2911979
6657,46768767
6658,5021911
6659,6489512
6660,494261
6661,628260
6662,22157295
6663,111505656
6664,7358938
6665,188797
6666,14728630
6667,80742578
6668,23348816
6669,7292009
6670,1165240
6671,22113540
6672,6615562
6673,92491501
6674,105007748
6675,83882832
6676,1990155
6677,543284
6678,23646947
6679,182410262
6680,34679815
6681,484839173
6682,24897121
6683,8598531
6684,1091044
6685,2788180
6686,4836614
6687,53980868
6688,23975223
6689,84929037
6690,142681696
6691,476850
6692,238863601
6693,29090727
6694,35103469
6695,26723479
6696,61124579
6697,15963472
6698,13299766
6699,98458686
6700,137464222
6701,48369405
6702,68433513
6703,13491987
6704,906255
6705,35590272
6706,29709209
6707,27378613
6708,11871619
6709,456621
6710,55534664
6711,21533011
6712,45634196
6713,3014976
6714,250115
6715,1061210
6716,28999757
6717,142978442
6718,15128131
6719,17738812
6720,681952
6721,39415305
6722,6185299
6723,44060934
6724,29842418
6725,488400
6726,90790367
6727,4489881
6728,2264252
6729,16459364
6730,35184903
6731,6169691
6732,681609
6733,14515473
6734,12853962
6735,74592849
6736,686884
6737,7573512
6738,8212956
6739,3954050
6740,45168
6741,327228
6742,29940856
6743,39723384
6744,2431385
6745,2552184
6746,45216031
6747,23593231
6748,1253982
6749,2303302
6750,159594
6751,12735402
6752,73734024
6753,10535517
6754,36122976
6755,2509743
6756,72682957
6757,49782778
6758,14769090
6759,43218709
6760,29217490
6761,53496659
6762,262656
6763,35376498
6764,1909733
6765,129344906
6766,189301
6767,20901198
6768,80808347
6769,18564175
6770,16518402
6771,2180774
6772,5049495
6773,3182834
6774,155299947
6775,224321327
6776,3832115
6777,35547514
6778,35604196
6779,5655488
6780,45747584
6781,2704826
6782,57957871
6783,37111303
6784,184952
6785,38711988
6786,3634642
6787,4109299
6788,282655
6789,1000543
6790,22082455
6791,31585234
6792,85951960
6793,42081410
6794,3457366
6795,810246
6796,125536255
6797,7270782
6798,26856507
6799,1643948
6800,90394860
6801,318508503
6802,5289864
6803,110634112
6804,35
6805,32956968
6806,13862054
6807,39803351
6808,625001
6809,42788869
6810,4011098
6811,47172763
6812,6430919
6813,67230642
6814,1970967
6815,5575259
6816,2167918
6817,80721
6818,11
6819,49627008
6820,45851519
6821,20510790
6822,23947463
6823,7593411
6824,52748998
6825,51134436
6826,14428411
6827,1337105
6828,2490
6829,121100
6830,4486197
6831,31057694
6832,42118137
6833,20754728
6834,2495761
6835,73396052
6836,2511003
6837,47700681
6838,2147284
6839,13019896
6840,24364475
6841,11560003
6842,18714865
6843,8112456
6844,21733856
6845,27598746
6846,39833649
6847,1432849
6848,20819961
6849,12329316
6850,62156841
6851,89413748
6852,2598904
6853,3665717
6854,30131902
6855,39033810
6856,691691
6857,41655373
6858,5919016
6859,44908269
6860,18615725
6861,24050094
6862,26716498
6863,152163280
6864,8734814
6865,6165914
6866,113455460
6867,24712312
6868,440027449
6869,27717946
6870,112963
6871,42678655
6872,433527
6873,55892897
6874,32967823
6875,2441470
6876,51207651
6877,11826197
6878,578508
6879,4812594
6880,1945867
6881,2515201
6882,74306409
6883,41150107
6884,7077393
6885,5372596
6886,6182966
6887,27386219
6888,96375872
6889,5971400
6890,4347524
6891,44516200
6892,89443991
6893,82401144
6894,31618896
6895,521219
6896,275809
6897,140217
6898,30835577
6899,13884165
6900,36343757
6901,37200219
6902,5525160
6903,21539725
6904,133296501
6905,39342537
6906,114299326
6907,20612197
6908,13478725
6909,1364328
6910,14666714
6911,18066600
6912,22226384
6913,207891018
6914,150429362
6915,17234959
6916,20960404
6917,228508297
6918,56748924
6919,921721
6920,64372296
6921,65374957
6922,17443493
6923,2985928
6924,73006
6925,21749346
6926,15015096
6927,973897
6928,29739592
6929,119570450
6930,115881289
6931,20850868
6932,7363449
6933,696291
6934,53052222
6935,519493
6936,20335245
6937,96127960
6938,6514610
6939,6199378
6940,78942285
6941,44901194
6942,4294320
6943,1372514
6944,58563766
6945,9639665
6946,51434597
6947,5690148
6948,22086241
6949,44782334
6950,206174062
6951,1061272
6952,18147736
6953,40053510
6954,7172713
6955,41330217
6956,2706601
6957,1616594
6958,4127077
6959,7954510
6960,24458526
6961,31310691
6962,131574755
6963,21807797
6964,33867802
6965,3151990
6966,55011885
6967,48911801
6968,10365886
6969,3668545
6970,21885572
6971,64913519
6972,3253551
6973,58219822
6974,66848211
6975,3891453
6976,26671644
6977,812228
6978,2338187
6979,48968417
6980,24922327
6981,1329062
6982,19121985
6983,379564
6984,56190829
6985,178431021
6986,29890550
6987,3200697
6988,2798219
6989,5051111
6990,119430163
6991,1448181
6992,389033
6993,413496
6994,370946
6995,24528664
6996,50895034
6997,242511
6998,2476535
6999,70108688
7000,186871
7001,1717038
7002,1695207
7003,3686565
7004,5608085
7005,923109
7006,226834
7007,2817340
7008,50748417
7009,2037477
7010,23084067
7011,2847789
7012,1912790
7013,8111298
7014,1505503
7015,63566628
7016,55728347
7017,8477738
7018,2444400
7019,79071690
7020,36872294
7021,7072129
7022,26810971
7023,34781913
7024,29788264
7025,5930753
7026,115829451
7027,40208401
7028,1560220
7029,34737696
7030,56877893
7031,99128309
7032,20419092
7033,4981710
7034,3894757
7035,33496694
7036,11685250
7037,2544246
7038,12578264
7039,31493525
7040,20326175
7041,63995774
7042,27041551
7043,2005559
7044,39187783
7045,24561116
7046,54273256
7047,135619782
7048,3421606
7049,31388105
7050,74167
7051,5181360
7052,43232104
7053,21369185
7054,64625022
7055,109098576
7056,166535815
7057,8411747
7058,928628
7059,27270542
7060,20308888
7061,20047316
7062,73760178
7063,1296555
7064,68758870
7065,29393869
7066,4124265
7067,168130
7068,30924016
7069,2077916
7070,45654668
7071,73745124
7072,419737
7073,38709930
7074,14324407
7075,31058669
7076,40319322
7077,29523394
7078,53652132
7079,1736595
7080,5221605
7081,20469221
7082,520608
7083,780119
7084,22765263
7085,21724044
7086,77313
7087,67266132
7088,88943174
7089,10641320
7090,11494066
7091,1800653
7092,131439069
7093,27020029
7094,41047393
7095,11049983
7096,25610580
7097,54994564
7098,32822643
7099,60479360
7100,18080147
7101,31699079
7102,316864
7103,8236691
7104,10932463
7105,57091044
7106,28174350
7107,34730911
7108,2403687
7109,59105901
7110,742609
7111,1258742
7112,82069393
7113,65891744
7114,18188742
7115,3068054
7116,3270081
7117,158822
7118,21413913
7119,59986249
7120,2522660
7121,16989598
7122,1904641
7123,1316128
7124,210708170
7125,208254571
7126,251992834
7127,42305199
7128,20019215
7129,13724576
7130,11158000
7131,4451264
7132,5595700
7133,64309994
7134,41663524
7135,73975303
7136,39879046
7137,21742884
7138,16589340
7139,8079056
7140,73596369
7141,925458
7142,26297673
7143,70148086
7144,4019367
7145,47669439
7146,2091565
7147,47425353
7148,32999787
7149,7705045
7150,1401721
7151,16258977
7152,69818371
7153,3281082
7154,31711981
7155,69354817
7156,8999285
7157,43233000
7158,592012
7159,6231629
7160,420948
7161,29857567
7162,214775544
7163,25581673
7164,1714767
7165,146076751
7166,22662607
7167,1063512
7168,1184912
7169,1835627
7170,5615811
7171,26770804
7172,4751427
7173,780363
7174,5769953
7175,2000520
7176,20379865
7177,107903512
7178,52688394
7179,91275788
7180,218849
7181,1682691
7182,40788908
7183,27009
7184,379129338
7185,2694399
7186,31035054
7187,64294329
7188,44126357
7189,20819053
7190,8811519
7191,129262
7192,38932769
7193,2477189
7194,109920318
7195,20693174
7196,31555935
7197,13547821
7198,4724795
7199,9467659
7200,61443377
7201,665134
7202,19697688
7203,745949
7204,34509283
7205,94524214
7206,97865128
7207,222359335
7208,29523125
7209,5038068
7210,4237134
7211,138696
7212,18366996
7213,26212827
7214,21543574
7215,84057213
7216,47061211
7217,1014843
7218,48091328
7219,25987921
7220,36308897
7221,23175857
7222,12982890
7223,1121431
7224,15464571
7225,463006
7226,43290129
7227,40585834
7228,72374784
7229,56552060
7230,3054431
7231,45882328
7232,164858640
7233,187592785
7234,72494452
7235,33697584
7236,56393849
7237,22740581
7238,1180922
7239,310240272
7240,51419778
7241,57224426
7242,8168094
7243,14359880
7244,28170012
7245,4494544
7246,672571
7247,38371102
7248,44668690
7249,379548
7250,901846
7251,34887045
7252,18286995
7253,18255492
7254,137333289
7255,296638
7256,4010330
7257,29647676
7258,47686922
7259,13856678
7260,154009
7261,224354876
7262,51916
7263,36287540
7264,27819029
7265,14113061
7266,32298101
7267,480149
7268,2518916
7269,49068719
7270,106291725
7271,5598818
7272,22323768
7273,8911480
7274,3015157
7275,27988622
7276,437496
7277,64283489
7278,201363560
7279,46893842
7280,62782572
7281,27832823
7282,38120164
7283,61485815
7284,1067356
7285,47427850
7286,162786442
7287,15370999
7288,3479000
7289,47773597
7290,47109682
7291,40519262
7292,2109904
7293,26289036
7294,10582641
7295,47285906
7296,318557
7297,28597214
7298,14464756
7299,1247830
7300,3856664
7301,36698037
7302,4967500
7303,1571910
7304,17436895
7305,979993
7306,163720830
7307,424480
7308,638643
7309,27040160
7310,10945370
7311,3258859
7312,97192255
7313,105992841
7314,6525410
7315,7295595
7316,2807929
7317,23286097
7318,116365460
7319,17163012
7320,106689348
7321,1663
7322,2868681
7323,34857878
7324,21065711
7325,136898744
7326,100399351
7327,3020681
7328,48466788
7329,53995914
7330,154623710
7331,80341377
7332,34714235
7333,76552369
7334,5251033
7335,43372409
7336,28127544
7337,2383487
7338,48331268
7339,49934443
7340,2140665
7341,386
7342,71473870
7343,15121368
7344,455589
7345,1502606
7346,10873669
7347,40277609
7348,4149402
7349,69113397
7350,20440810
7351,36008115
7352,118703
7353,1065480
7354,693667
7355,31606914
7356,37001721
7357,10736881
7358,22403566
7359,63044742
7360,27689215
7361,3266
7362,95851641
7363,295157906
7364,255888
7365,38438321
7366,83541026
7367,1184688
7368,4292315
7369,35519605
7370,57048584
7371,592588
7372,54934558
7373,198433617
7374,18228667
7375,107715104
7376,266272
7377,55285516
7378,67097703
7379,48933868
7380,11309317
7381,1727777
7382,17658943
7383,2126905
7384,40243035
7385,42336331
7386,21976631
7387,784762
7388,3178244
7389,3479226
7390,894164
7391,2154473
7392,27902547
7393,337899309
7394,52869007
7395,46533977
7396,41101963
7397,40377800
7398,7907353
